Info,Nome,Sesso,Categoria,Sotto_categoria,Colore,Prezzo_finale,Prezzo_originale,Sconto
Sneakers A039 Nero Verde,A039,donna,sneakers,Sneakers,Verde,99.9,89.9,-11.0
Sneakers A042 Nero Verde,A042,donna,sneakers,Sneakers,Verde,79.9,89.9,11.0
Sneakers A047 Wafer,A047,donna,sneakers,Sneakers,Wafer,104.9,104.9,0.0
Sneakers A047 Beige,A047,donna,sneakers,Sneakers,Beige,104.9,104.9,0.0
Sneakers A039 Corallo,A039,donna,sneakers,Sneakers,Corallo,99.9,104.9,5.0
Sneakers A039 Bianco Grigio,A039,donna,sneakers,Sneakers,Grigio,99.9,89.9,-11.0
Sneakers A039 Lilla Sabbia,A039,donna,sneakers,Sneakers,Sabbia,99.9,99.9,0.0
Sneakers A039 Nabuck Blu,A039,donna,sneakers,Sneakers,Blu,99.9,94.9,-5.0
Sneakers donna A1596 Bianco,donna,donna,sneakers,Sneakers,Bianco,89.9,104.9,14.0
Sneakers donna A1596 Blu,donna,donna,sneakers,Sneakers,Blu,89.9,94.9,5.0
Sneakers donna D1596 Nero,donna,donna,sneakers,Sneakers,Nero,89.9,99.9,10.0
Sneakers D1596 Stampa Pitone Grigio,D1596,donna,sneakers,Sneakers,Grigio,89.9,84.9,-6.0
Sneakers A8859 Nocciola,A8859,donna,sneakers,Sneakers,Nocciola,99.9,99.9,0.0
Sneakers A8859 Beige Bianco,A8859,donna,sneakers,Sneakers,Bianco,99.9,84.9,-18.0
Sneakers A8859 Beige,A8859,donna,sneakers,Sneakers,Beige,99.9,99.9,0.0
Sneakers D022 Bianco,D022,donna,sneakers,Sneakers,Bianco,79.9,89.9,11.0
Sneakers D022 Nero con Suola Nera,D022,donna,sneakers,Sneakers,Nera,79.9,89.9,11.0
Sneakers D022 Nero con Suola Bianca,D022,donna,sneakers,Sneakers,Bianca,79.9,99.9,20.0
Sneakers A8859 Bianco,A8859,donna,sneakers,Sneakers,Bianco,99.9,89.9,-11.0
Sneakers A042 Bianco Rosa,A042,donna,sneakers,Sneakers,Rosa,79.9,89.9,11.0
Sneakers A042 Blu,A042,donna,sneakers,Sneakers,Blu,79.9,104.9,24.0
Sneakers A042 Argento-Bianco,A042,donna,sneakers,Sneakers,Argento-Bianco,79.9,104.9,24.0
Sneakers A042 Cuoio,A042,donna,sneakers,Sneakers,Cuoio,79.9,99.9,20.0
Sneakers A042 Bianco-Oro,A042,donna,sneakers,Sneakers,Bianco-Oro,79.9,89.9,11.0
Sneakers A042 Laminato Argento,A042,donna,sneakers,Sneakers,Argento,79.9,94.9,16.0
Sneakers A041 Bianco,A041,donna,sneakers,Sneakers,Bianco,89.9,89.9,0.0
Sneakers D043 Laminato Nero,D043,donna,sneakers,Sneakers,Nero,89.9,89.9,0.0
Sneakers D043 Bianco,D043,donna,sneakers,Sneakers,Bianco,89.9,89.9,0.0
Sneakers D043 Rosso,D043,donna,sneakers,Sneakers,Rosso,89.9,89.9,0.0
Sneakers D043 Perlato Cipria,D043,donna,sneakers,Sneakers,Cipria,89.9,89.9,0.0
Sneakers A044 Vernice Bianco,A044,donna,sneakers,Sneakers,Bianco,99.9,99.9,0.0
Sneakers A044 Nero,A044,donna,sneakers,Sneakers,Nero,99.9,99.9,0.0
Sneakers A044 Cuoio,A044,donna,sneakers,Sneakers,Cuoio,99.9,99.9,0.0
Sneakers A045 Rosa Grigio,A045,donna,sneakers,Sneakers,Grigio,104.9,104.9,0.0
Sneakers A045 Platino,A045,donna,sneakers,Sneakers,Platino,104.9,104.9,0.0
Sneakers donna A1603B Bianco Argento,donna,donna,sneakers,Sneakers,Argento,79.9,99.9,20.0
Sneakers donna A1603B Bianco,donna,donna,sneakers,Sneakers,Bianco,79.9,89.9,11.0
Sneakers donna A1603B Blu,donna,donna,sneakers,Sneakers,Blu,79.9,79.9,0.0
Sneakers A1617 Bianco,A1617,donna,sneakers,Sneakers,Bianco,79.9,79.9,0.0
Sneakers A1617 Rosa,A1617,donna,sneakers,Sneakers,Rosa,79.9,79.9,0.0
Sneakers A1620 con Suola Bassa Cuoio,A1620,donna,sneakers,Sneakers,Cuoio,84.9,84.9,0.0
Sneakers A1620 Bianco Fuxia,A1620,donna,sneakers,Sneakers,Fuxia,84.9,84.9,0.0
Sneakers A1620 Perlato,A1620,donna,sneakers,Sneakers,Perlato,84.9,84.9,0.0
Sneakers Chelsea D055 Testa di Moro,Chelsea,donna,sneakers,Sneakers,Moro,104.9,104.9,0.0
Sneakers Chelsea D055 Nero,Chelsea,donna,sneakers,Sneakers,Nero,104.9,104.9,0.0
Sneakers A8858 Bianco Rosa,A8858,donna,sneakers,Sneakers,Rosa,89.9,89.9,0.0
Sneakers A8858 Carta da Zucchero,A8858,donna,sneakers,Sneakers,Zucchero,89.9,89.9,0.0
Sneakers A7285 Bianco Verde,A7285,donna,sneakers,Sneakers,Verde,84.9,84.9,0.0
Sneakers D075 Bordeaux Nero,D075,donna,sneakers,Sneakers,Nero,99.9,99.9,0.0
Sneakers D076 Panna,D076,donna,sneakers,Sneakers,Panna,99.9,99.9,0.0
Sneakers A050 Laminato Nero,A050,donna,sneakers,Sneakers,Nero,99.9,99.9,0.0
Sneakers D051 Laminato Nero,D051,donna,sneakers,Sneakers,Nero,99.9,99.9,0.0
Sneakers A052 Suede Cuoio,A052,donna,sneakers,Sneakers,Cuoio,94.9,94.9,0.0
Sneakers A052 Suede Rosa,A052,donna,sneakers,Sneakers,Rosa,94.9,94.9,0.0
Décollétè A6727 Vernice Bordeaux,A6727,donna,decollete,Décollétè,Bordeaux,99.9,74.9,-33.0
Décollétè D6727 Vernice Rosa,D6727,donna,decollete,Décollétè,Rosa,99.9,59.9,-67.0
Décollétè A6727 Vernice Nero,A6727,donna,decollete,Décollétè,Nero,99.9,59.9,-67.0
Décollétè A6730 Cuoio,A6730,donna,decollete,Décollétè,Cuoio,99.9,74.9,-33.0
Décollétè D6730 Vernice Nero,D6730,donna,decollete,Décollétè,Nero,99.9,99.9,0.0
Décollétè D6730 Nero,D6730,donna,decollete,Décollétè,Nero,99.9,59.9,-67.0
Décollétè D6730 Suede Porpora,D6730,donna,decollete,Décollétè,Porpora,99.9,89.9,-11.0
Décollétè con cinturino D5719 Nabuck Nero,con,donna,decollete,Décollétè,Nero,89.9,84.9,-6.0
Décollétè con cinturino D5719 Vernice Nero,con,donna,decollete,Décollétè,Nero,89.9,74.9,-20.0
Décollétè con cinturino D5719 Cuoio,con,donna,decollete,Décollétè,Cuoio,89.9,84.9,-6.0
Décollétè A3650F Nero,A3650F,donna,decollete,Décollétè,Nero,79.9,84.9,6.0
Décolletè A3673 Nero,A3673,donna,decollete,Décolletè,Nero,89.9,59.9,-50.0
Décollétè A3650L Nero,A3650L,donna,decollete,Décollétè,Nero,79.9,99.9,20.0
Décollétè A3650L Nude,A3650L,donna,decollete,Décollétè,Nude,79.9,74.9,-7.0
Décollétè A3650L Camoscio Rosso,A3650L,donna,decollete,Décollétè,Rosso,79.9,84.9,6.0
Décollétè A3650L Laminato Oro,A3650L,donna,decollete,Décollétè,Oro,79.9,59.9,-33.0
Décollétè A3673 Laminato Rame,A3673,donna,decollete,Décollétè,Rame,89.9,84.9,-6.0
Décolletè A3649 Nero,A3649,donna,decollete,Décolletè,Nero,59.9,59.9,0.0
Décolletè A3649 Nude,A3649,donna,decollete,Décolletè,Nude,59.9,59.9,0.0
Décolletè A3649 Blu,A3649,donna,decollete,Décolletè,Blu,59.9,59.9,0.0
Décolletè A3649 Rosso,A3649,donna,decollete,Décolletè,Rosso,59.9,59.9,0.0
Décolletè A3649 Laminato Argento,A3649,donna,decollete,Décolletè,Argento,59.9,59.9,0.0
Décollète A3681 Nude,A3681,donna,decollete,Décollète,Nude,79.9,84.9,6.0
Sandalo con tacco A5737 Blu,con,donna,decollete,Sandalo,Blu,94.9,99.9,5.0
Sandalo con tacco A5737 Beige,con,donna,decollete,Sandalo,Beige,94.9,59.9,-58.0
Sandalo con tacco A5737 Nero,con,donna,decollete,Sandalo,Nero,94.9,84.9,-12.0
Sandalo con tacco A5737 Laminato Platino,con,donna,decollete,Sandalo,Platino,94.9,74.9,-27.0
Slingback con tacco A3683 Nero,con,donna,decollete,Slingback,Nero,94.9,74.9,-27.0
Sandalo con tacco A5736 Cuoio,con,donna,decollete,Sandalo,Cuoio,94.9,84.9,-12.0
Sandalo con tacco A5736 Salvia,con,donna,decollete,Sandalo,Salvia,94.9,89.9,-6.0
Sandalo con tacco A5736 Nero,con,donna,decollete,Sandalo,Nero,94.9,59.9,-58.0
Slingback con tacco A3683 Argento,con,donna,decollete,Slingback,Argento,94.9,59.9,-58.0
Slingback con tacco A3683 Panna,con,donna,decollete,Slingback,Panna,94.9,84.9,-12.0
Sandalo con tacco A3644 Nero,con,donna,decollete,Sandalo,Nero,79.9,59.9,-33.0
Sandalo con tacco A3644 Cuoio,con,donna,decollete,Sandalo,Cuoio,79.9,59.9,-33.0
Sandalo con tacco A3644 Blu,con,donna,decollete,Sandalo,Blu,79.9,59.9,-33.0
Sandalo con tacco A3644 Laminato Rame,con,donna,decollete,Sandalo,Rame,79.9,59.9,-33.0
Sandalo con tacco A3644 Rosa,con,donna,decollete,Sandalo,Rosa,79.9,74.9,-7.0
Sandalo con tacco A3644 Rosso,con,donna,decollete,Sandalo,Rosso,79.9,74.9,-7.0
Sandalo con tacco A3644 Laminato Argento,con,donna,decollete,Sandalo,Argento,79.9,59.9,-33.0
Sandalo con tacco A6729 Nude,con,donna,decollete,Sandalo,Nude,99.9,59.9,-67.0
Sandalo con tacco A6729 Rosa,con,donna,decollete,Sandalo,Rosa,99.9,74.9,-33.0
Sandalo con tacco A6729 Nero,con,donna,decollete,Sandalo,Nero,99.9,59.9,-67.0
Sandalo con tacco A6729 Giallo,con,donna,decollete,Sandalo,Giallo,99.9,59.9,-67.0
Sandalo con tacco A3680 Nero,con,donna,decollete,Sandalo,Nero,99.9,99.9,0.0
Sandalo con tacco A3680 Cipria,con,donna,decollete,Sandalo,Cipria,99.9,99.9,0.0
Sandalo con tacco A6726 Suede Arancio,con,donna,decollete,Sandalo,Arancio,99.9,84.9,-18.0
Sandalo con tacco A6726 Suede Fuxia,con,donna,decollete,Sandalo,Fuxia,99.9,99.9,0.0
Sandalo con tacco A6726 Nero,con,donna,decollete,Sandalo,Nero,99.9,84.9,-18.0
Sandalo con tacco A6726 Platino,con,donna,decollete,Sandalo,Platino,99.9,74.9,-33.0
Sandalo con tacco A6725 Rame,con,donna,decollete,Sandalo,Rame,99.9,79.9,-25.0
Sandalo con tacco A6725 Argento,con,donna,decollete,Sandalo,Argento,99.9,74.9,-33.0
Sandalo con tacco A6710 Giallo,con,donna,decollete,Sandalo,Giallo,99.9,89.9,-11.0
Sandalo con tacco A6711 Fuxia,con,donna,decollete,Sandalo,Fuxia,99.9,74.9,-33.0
Sandalo con tacco A6712 Nero Bianco,con,donna,decollete,Sandalo,Bianco,99.9,99.9,0.0
Sandalo con tacco A6712 Arancio,con,donna,decollete,Sandalo,Arancio,99.9,99.9,0.0
Sandalo con tacco A6713 Argento,con,donna,decollete,Sandalo,Argento,99.9,99.9,0.0
Sandalo con tacco A6713 Pitone Oro,con,donna,decollete,Sandalo,Oro,99.9,99.9,0.0
Décolletè A3672 Nero,A3672,donna,decollete,Décolletè,Nero,89.9,89.9,0.0
Décollétè A3671 Nero,A3671,donna,decollete,Décollétè,Nero,84.9,84.9,0.0
Décollétè D5724 Camoscio Nero,D5724,donna,decollete,Décollétè,Nero,84.9,84.9,0.0
Décollétè D5724 Camoscio Grigio,D5724,donna,decollete,Décollétè,Grigio,84.9,84.9,0.0
Décollétè D5724 Camoscio Cuoio,D5724,donna,decollete,Décollétè,Cuoio,84.9,84.9,0.0
Décollétè D5727 Bordeaux,D5727,donna,decollete,Décollétè,Bordeaux,74.9,74.9,0.0
Décollétè D5727 Cuoio,D5727,donna,decollete,Décollétè,Cuoio,74.9,74.9,0.0
Décollétè D5727 Nero,D5727,donna,decollete,Décollétè,Nero,74.9,74.9,0.0
Décollétè D3666 Camoscio Rosso,D3666,donna,decollete,Décollétè,Rosso,74.9,74.9,0.0
Décollétè D3669 Nero,D3669,donna,decollete,Décollétè,Nero,79.9,79.9,0.0
Décollétè D3642 Nero,D3642,donna,decollete,Décollétè,Nero,69.9,69.9,0.0
Décollétè D3645 Blu,D3645,donna,decollete,Décollétè,Blu,59.9,59.9,0.0
Décollétè D3645 Nero,D3645,donna,decollete,Décollétè,Nero,59.9,59.9,0.0
Décollétè D403 Suede Nero,D403,donna,decollete,Décollétè,Nero,84.9,84.9,0.0
Décollétè D403 Suede Rosso,D403,donna,decollete,Décollétè,Rosso,84.9,84.9,0.0
Stivale Texano D817 Nero,Texano,donna,stivali,Stivale,Nero,139.9,119.9,-17.0
Stivaletto con tacco D83 Nero,con,donna,stivali,Stivaletto,Nero,139.9,139.9,0.0
Stivaletto Anfibio D1027 Bordeaux,Anfibio,donna,stivali,Stivaletto,Bordeaux,139.9,139.9,0.0
Stivale cavallerizzo D2352 Nero,cavallerizzo,donna,stivali,Stivale,Nero,124.9,144.9,14.0
Stivale cavallerizzo D2352 Testa di Moro,cavallerizzo,donna,stivali,Stivale,Moro,124.9,109.9,-14.0
Stivale cavallerizzo D2352 Cuoio,cavallerizzo,donna,stivali,Stivale,Cuoio,124.9,144.9,14.0
Stivale Cavallerizzo D34L Nero,Cavallerizzo,donna,stivali,Stivale,Nero,104.9,104.9,0.0
Stivale con tacco A6731 Nero,con,donna,stivali,Stivale,Nero,149.9,134.9,-11.0
Stivale con tacco A6731 Cuoio,con,donna,stivali,Stivale,Cuoio,149.9,119.9,-25.0
Stivale con tacco D5735 Nero,con,donna,stivali,Stivale,Nero,119.9,119.9,0.0
Stivale con tacco D8086 Nero,con,donna,stivali,Stivale,Nero,129.9,129.9,0.0
Stivale Bikers D1025 Nero,Bikers,donna,stivali,Stivale,Nero,139.9,139.9,0.0
Stivale D8025 Verde,D8025,donna,stivali,Stivale,Verde,144.9,144.9,0.0
Stivale D8025 Nero,D8025,donna,stivali,Stivale,Nero,144.9,144.9,0.0
Stivale D296 Nero,D296,donna,stivali,Stivale,Nero,139.9,139.9,0.0
Stivale D296 Nabuk Ruggine,D296,donna,stivali,Stivale,Ruggine,139.9,139.9,0.0
Stivale D7844EL Bordeaux,D7844EL,donna,stivali,Stivale,Bordeaux,134.9,134.9,0.0
Stivale D7844EL Nero,D7844EL,donna,stivali,Stivale,Nero,134.9,134.9,0.0
Stivale Texano D7381 Nero,Texano,donna,stivali,Stivale,Nero,109.9,109.9,0.0
Stivale Texano D7381 Cuoio,Texano,donna,stivali,Stivale,Cuoio,109.9,109.9,0.0
Stivale Texano D7381 Testa di Moro,Texano,donna,stivali,Stivale,Moro,109.9,109.9,0.0
Stivale Texano D7382 Nero,Texano,donna,stivali,Stivale,Nero,109.9,109.9,0.0
Stivale Overknee D333 Suede Testa di moro,Overknee,donna,stivali,Stivale,moro,109.9,109.9,0.0
Stivale Overknee D333 Suede Camel,Overknee,donna,stivali,Stivale,Camel,109.9,109.9,0.0
Stivale Overknee D333 Suede Blu,Overknee,donna,stivali,Stivale,Blu,109.9,109.9,0.0
Stivale Cavallerizzo D34L Testa di Moro,Cavallerizzo,donna,stivali,Stivale,Moro,104.9,104.9,0.0
Stivale con tacco D978 Blu,con,donna,stivali,Stivale,Blu,119.9,119.9,0.0
Stivale con tacco D978 Marrone,con,donna,stivali,Stivale,Marrone,119.9,119.9,0.0
Stivale con tacco D978 Nero,con,donna,stivali,Stivale,Nero,119.9,119.9,0.0
Stivale Texano con tacco D943L Verdone,Texano,donna,stivali,Stivale,Verdone,134.9,134.9,0.0
Stivale Texano con tacco D943S Nero,Texano,donna,stivali,Stivale,Nero,134.9,134.9,0.0
Stivale Texano con tacco D943S Bordeaux,Texano,donna,stivali,Stivale,Bordeaux,134.9,134.9,0.0
Stivale Texano con tacco D943S Marrone,Texano,donna,stivali,Stivale,Marrone,134.9,134.9,0.0
Stivale con tacco D5735 Rosa,con,donna,stivali,Stivale,Rosa,119.9,119.9,0.0
Stivale D7580 Nero,D7580,donna,stivali,Stivale,Nero,119.9,119.9,0.0
Stivale D7579 Nero,D7579,donna,stivali,Stivale,Nero,129.9,129.9,0.0
Stivale con Strass D7296 Nero,con,donna,stivali,Stivale,Nero,129.9,129.9,0.0
Stivale Chelsea Anfibio D318 Nero,Chelsea,donna,stivali,Stivale,Nero,109.9,109.9,0.0
Stivale Chelsea Anfibio D314 Nero,Chelsea,donna,stivali,Stivale,Nero,109.9,109.9,0.0
Ballerina A707 Suede Testa di Moro,A707,donna,ballerine,Ballerina,Moro,89.9,79.9,-13.0
Ballerina A707 Nero,A707,donna,ballerine,Ballerina,Nero,89.9,79.9,-13.0
Ballerina Mocassino D890 Suede Cuoio,Mocassino,donna,ballerine,Ballerina,Cuoio,79.9,79.9,0.0
Ballerina Mocassino D890 Nero,Mocassino,donna,ballerine,Ballerina,Nero,79.9,79.9,0.0
Ballerina A708 Nero,A708,donna,ballerine,Ballerina,Nero,89.9,79.9,-13.0
Ballerina A708 Beige,A708,donna,ballerine,Ballerina,Beige,89.9,69.9,-29.0
Ballerina con Strass D882 Suede Nero,con,donna,ballerine,Ballerina,Nero,79.9,79.9,0.0
Ballerina con Strass D882 Suede Cuoio,con,donna,ballerine,Ballerina,Cuoio,79.9,79.9,0.0
Ballerina A885 Nude Nero,A885,donna,ballerine,Ballerina,Nero,79.9,79.9,0.0
Ballerina A885 Vernice Nero,A885,donna,ballerine,Ballerina,Nero,79.9,79.9,0.0
Ballerina Friulana A829 Nero,Friulana,donna,ballerine,Ballerina,Nero,69.9,69.9,0.0
Ballerina Friulana A829 Grigio,Friulana,donna,ballerine,Ballerina,Grigio,69.9,69.9,0.0
Ballerina Friulana A829 Giallo,Friulana,donna,ballerine,Ballerina,Giallo,69.9,69.9,0.0
Ballerina Friulana A829 Arancione,Friulana,donna,ballerine,Ballerina,Arancione,69.9,69.9,0.0
Ballerina Friulana A829 Corallo,Friulana,donna,ballerine,Ballerina,Corallo,69.9,69.9,0.0
Ballerina A869 Nero,A869,donna,ballerine,Ballerina,Nero,54.9,54.9,0.0
Ballerina A887 Nero,A887,donna,ballerine,Ballerina,Nero,79.9,79.9,0.0
Ballerina A892 Cuoio,A892,donna,ballerine,Ballerina,Cuoio,79.9,79.9,0.0
Ballerina A892 Nero,A892,donna,ballerine,Ballerina,Nero,79.9,79.9,0.0
Ballerina A892 Salvia,A892,donna,ballerine,Ballerina,Salvia,79.9,79.9,0.0
Ballerina A889 Nero,A889,donna,ballerine,Ballerina,Nero,79.9,79.9,0.0
Ballerina A889 Platino,A889,donna,ballerine,Ballerina,Platino,79.9,79.9,0.0
Ballerina A891 Rosso,A891,donna,ballerine,Ballerina,Rosso,89.9,89.9,0.0
Ballerina A891 Giallo,A891,donna,ballerine,Ballerina,Giallo,89.9,89.9,0.0
Ballerina A849 Rosa,A849,donna,ballerine,Ballerina,Rosa,59.9,79.9,25.0
Ballerina A849 Rosso,A849,donna,ballerine,Ballerina,Rosso,59.9,79.9,25.0
Ballerina A849 Blu,A849,donna,ballerine,Ballerina,Blu,59.9,79.9,25.0
Ballerina A849 Nero,A849,donna,ballerine,Ballerina,Nero,59.9,79.9,25.0
Ballerina A849 Lilla,A849,donna,ballerine,Ballerina,Lilla,59.9,79.9,25.0
Ballerina Sabot A886 Fuxia Rosa,Sabot,donna,ballerine,Ballerina,Rosa,79.9,79.9,0.0
Ballerina Sabot A886 Nero,Sabot,donna,ballerine,Ballerina,Nero,79.9,79.9,0.0
Sandalo con tacco A3680 Nero,con,donna,sandali,Sandalo,Nero,99.9,99.9,0.0
Sandalo con tacco A3680 Cipria,con,donna,sandali,Sandalo,Cipria,99.9,99.9,0.0
Sandalo con tacco A3675 Nude,con,donna,sandali,Sandalo,Nude,99.9,99.9,0.0
Sandalo con tacco A3675 Nero,con,donna,sandali,Sandalo,Nero,99.9,99.9,0.0
Slingback A5730 Cuoio,A5730,donna,sandali,Slingback,Cuoio,79.9,79.9,0.0
Slingback A5730 Nero,A5730,donna,sandali,Slingback,Nero,79.9,79.9,0.0
Sandalo Sabot A5732 Camoscio Cuoio,Sabot,donna,sandali,Sandalo,Cuoio,84.9,84.9,0.0
Sandalo Sabot A5732 Camoscio Blu,Sabot,donna,sandali,Sandalo,Blu,84.9,84.9,0.0
Slingback A3665 Camoscio Blu,A3665,donna,sandali,Slingback,Blu,74.9,74.9,0.0
Slingback A3665 Spazzolato Argento,A3665,donna,sandali,Slingback,Argento,74.9,74.9,0.0
Sandalo con tacco A6726 Suede Arancio,con,donna,sandali,Sandalo,Arancio,99.9,84.9,-18.0
Sandalo con tacco A6726 Suede Fuxia,con,donna,sandali,Sandalo,Fuxia,99.9,99.9,0.0
Sandalo con tacco A6726 Nero,con,donna,sandali,Sandalo,Nero,99.9,84.9,-18.0
Sandalo con tacco A6726 Platino,con,donna,sandali,Sandalo,Platino,99.9,74.9,-33.0
Sandalo con tacco A6725 Rame,con,donna,sandali,Sandalo,Rame,99.9,79.9,-25.0
Sandalo con tacco A6725 Argento,con,donna,sandali,Sandalo,Argento,99.9,74.9,-33.0
Sandalo con tacco A6710 Giallo,con,donna,sandali,Sandalo,Giallo,99.9,89.9,-11.0
Sandalo con tacco A6711 Fuxia,con,donna,sandali,Sandalo,Fuxia,99.9,74.9,-33.0
Sandalo con tacco A6712 Nero Bianco,con,donna,sandali,Sandalo,Bianco,99.9,99.9,0.0
Sandalo con tacco A6712 Arancio,con,donna,sandali,Sandalo,Arancio,99.9,99.9,0.0
Sandalo con tacco A6713 Argento,con,donna,sandali,Sandalo,Argento,99.9,99.9,0.0
Sandalo con tacco A6713 Pitone Oro,con,donna,sandali,Sandalo,Oro,99.9,99.9,0.0
Sandalo con tacco A3660 Nero,con,donna,sandali,Sandalo,Nero,74.9,74.9,0.0
Sandalo con tacco A3660 Nude,con,donna,sandali,Sandalo,Nude,74.9,74.9,0.0
Sandalo con tacco A955 Fuxia,con,donna,sandali,Sandalo,Fuxia,84.9,84.9,0.0
Sandalo con tacco A955 Nero Bianco,con,donna,sandali,Sandalo,Bianco,84.9,84.9,0.0
Sandalo con tacco A955 Acquamarina,con,donna,sandali,Sandalo,Acquamarina,84.9,84.9,0.0
Sandalo con tacco A1010 Nero,con,donna,sandali,Sandalo,Nero,89.9,89.9,0.0
Sandalo con tacco A1010 Fuxia,con,donna,sandali,Sandalo,Fuxia,89.9,89.9,0.0
Sandalo con tacco A1011 Nero,con,donna,sandali,Sandalo,Nero,99.9,99.9,0.0
Sandalo con tacco A1011 Rosa Verde,con,donna,sandali,Sandalo,Verde,99.9,99.9,0.0
Sandalo con tacco A1011 Cuoio,con,donna,sandali,Sandalo,Cuoio,99.9,99.9,0.0
Sandalo con tacco A959 Oro,con,donna,sandali,Sandalo,Oro,89.9,89.9,0.0
Sandalo con tacco A475L Camoscio Rosso,con,donna,sandali,Sandalo,Rosso,74.9,74.9,0.0
Sandalo con tacco A411 Nero,con,donna,sandali,Sandalo,Nero,84.9,84.9,0.0
Sandalo con tacco A475L Blu,con,donna,sandali,Sandalo,Blu,74.9,74.9,0.0
Sandalo con tacco A475L Nero,con,donna,sandali,Sandalo,Nero,74.9,74.9,0.0
Sandalo con tacco A475L Rosa,con,donna,sandali,Sandalo,Rosa,74.9,74.9,0.0
Sandalo con Tacco A405 Nude,con,donna,sandali,Sandalo,Nude,99.9,99.9,0.0
Sandalo con Tacco A405 Onda Platino,con,donna,sandali,Sandalo,Platino,99.9,99.9,0.0
Sandalo con Tacco A405 Onda Argento,con,donna,sandali,Sandalo,Argento,99.9,99.9,0.0
Sandalo con Tacco A405 Fuxia,con,donna,sandali,Sandalo,Fuxia,99.9,99.9,0.0
Sandalo con Tacco A405 Bianco,con,donna,sandali,Sandalo,Bianco,99.9,99.9,0.0
Sandalo con tacco A475L Celeste,con,donna,sandali,Sandalo,Celeste,74.9,74.9,0.0
Sandalo con tacco A412 Nero,con,donna,sandali,Sandalo,Nero,89.9,89.9,0.0
Sandalo con tacco A412 Oro,con,donna,sandali,Sandalo,Oro,89.9,89.9,0.0
Stringata Derby D680 Nero,Derby,donna,scarpe-basse,Stringata,Nero,79.9,79.9,0.0
Stringata Derby D165 Nero,Derby,donna,scarpe-basse,Stringata,Nero,89.9,89.9,0.0
Doppia Fibbia D169 Nabuck Marrone,Fibbia,donna,scarpe-basse,Doppia,Marrone,89.9,79.9,-13.0
Doppia Fibbia D169 Nero,Fibbia,donna,scarpe-basse,Doppia,Nero,89.9,89.9,0.0
Mocassino con moschettone D11 Cavallino Bianco Nero,con,donna,scarpe-basse,Mocassino,Nero,99.9,79.9,-25.0
Mocassino Penny A7 Vitello Blu,Penny,donna,scarpe-basse,Mocassino,Blu,79.9,89.9,11.0
Mocassino con moschettone D10N Nero,con,donna,scarpe-basse,Mocassino,Nero,99.9,89.9,-11.0
Mocassino D10S Cuoio,D10S,donna,scarpe-basse,Mocassino,Cuoio,99.9,79.9,-25.0
Mocassino D9S Blu,D9S,donna,scarpe-basse,Mocassino,Blu,89.9,79.9,-13.0
Mocassino con moschettone D11 Cavallino,con,donna,scarpe-basse,Mocassino,Cavallino,99.9,79.9,-25.0
Mocassino con moschettone D10N Vernice Nero,con,donna,scarpe-basse,Mocassino,Nero,99.9,79.9,-25.0
Mocassino D9S Abrasivato Nero,D9S,donna,scarpe-basse,Mocassino,Nero,89.9,79.9,-13.0
Mocassino D9S Bordeaux,D9S,donna,scarpe-basse,Mocassino,Bordeaux,89.9,79.9,-13.0
Mocassino D10S Nabuck Beige Verde,D10S,donna,scarpe-basse,Mocassino,Verde,99.9,79.9,-25.0
Mocassino con moschettone D10 Vernice Nero,con,donna,scarpe-basse,Mocassino,Nero,99.9,89.9,-11.0
Mocassino D890B Verde,D890B,donna,scarpe-basse,Mocassino,Verde,89.9,89.9,0.0
Mocassino Penny A7 Vernice Nero,Penny,donna,scarpe-basse,Mocassino,Nero,79.9,79.9,0.0
Mocassino Penny A7 Nero,Penny,donna,scarpe-basse,Mocassino,Nero,79.9,79.9,0.0
Mocassino Penny A7 Bianco,Penny,donna,scarpe-basse,Mocassino,Bianco,79.9,79.9,0.0
Mocassino Penny A7 Ocra,Penny,donna,scarpe-basse,Mocassino,Ocra,79.9,79.9,0.0
Mocassino Penny A7 Rosa,Penny,donna,scarpe-basse,Mocassino,Rosa,79.9,79.9,0.0
Ballerina Mocassino D890 Suede Cuoio,Mocassino,donna,scarpe-basse,Ballerina,Cuoio,79.9,79.9,0.0
Mocassino Penny A7 Nabuck Cuoio,Penny,donna,scarpe-basse,Mocassino,Cuoio,79.9,79.9,0.0
Mocassino Penny A7 Bordeaux,Penny,donna,scarpe-basse,Mocassino,Bordeaux,79.9,79.9,0.0
Ballerina Mocassino D890 Nero,Mocassino,donna,scarpe-basse,Ballerina,Nero,79.9,79.9,0.0
Sneakers Mocassino FLYNN Camoscio Blu,Mocassino,uomo,sneakers,Sneakers,Blu,84.9,84.9,0.0
Sneakers Mocassino FLYNN Camoscio Tabacco,Mocassino,uomo,sneakers,Sneakers,Tabacco,84.9,84.9,0.0
Sneakers COLIN Nero Verde,COLIN,uomo,sneakers,Sneakers,Verde,84.9,99.9,15.0
Sneakers CONNOR Bianco Blu,CONNOR,uomo,sneakers,Sneakers,Blu,94.9,84.9,-12.0
Sneakers BILL Verdone,BILL,uomo,sneakers,Sneakers,Verdone,99.9,79.9,-25.0
Sneakers BILL Cuoio,BILL,uomo,sneakers,Sneakers,Cuoio,99.9,79.9,-25.0
Sneakers BILL Nero con Suola Nera,BILL,uomo,sneakers,Sneakers,Nera,99.9,99.9,0.0
Sneakers BILL Blu,BILL,uomo,sneakers,Sneakers,Blu,99.9,79.9,-25.0
Sneakers BILL Spazzolato Grigio,BILL,uomo,sneakers,Sneakers,Grigio,99.9,89.9,-11.0
Sneakers BILL Nero,BILL,uomo,sneakers,Sneakers,Nero,99.9,99.9,0.0
Sneakers CONNOR Nabuck Blu,CONNOR,uomo,sneakers,Sneakers,Blu,94.9,89.9,-6.0
Sneakers CONNOR Bianco Bordeaux Giallo,CONNOR,uomo,sneakers,Sneakers,Giallo,94.9,99.9,5.0
Sneakers BRUCE Sabbia,BRUCE,uomo,sneakers,Sneakers,Sabbia,94.9,94.9,0.0
Sneakers BRUCE Bianco Cuoio,BRUCE,uomo,sneakers,Sneakers,Cuoio,94.9,99.9,5.0
Sneakers BRUCE Verde,BRUCE,uomo,sneakers,Sneakers,Verde,94.9,79.9,-19.0
Sneakers BRUCE Grigio Blu,BRUCE,uomo,sneakers,Sneakers,Blu,94.9,89.9,-6.0
Sneakers BRUCE Testa di Moro,BRUCE,uomo,sneakers,Sneakers,Moro,94.9,99.9,5.0
Sneakers NICK Bianco,NICK,uomo,sneakers,Sneakers,Bianco,99.9,99.9,0.0
Sneakers NICK Cuoio,NICK,uomo,sneakers,Sneakers,Cuoio,99.9,99.9,0.0
Sneakers CHAD con cerniera Bianco Nero,CHAD,uomo,sneakers,Sneakers,Nero,79.9,94.9,16.0
Sneakers CHAD Blu,CHAD,uomo,sneakers,Sneakers,Blu,79.9,94.9,16.0
Sneakers CHAD Bianco,CHAD,uomo,sneakers,Sneakers,Bianco,79.9,79.9,0.0
Sneakers GIL Blu Grigio,GIL,uomo,sneakers,Sneakers,Grigio,94.9,94.9,0.0
Sneakers GIL Nero Grigio,GIL,uomo,sneakers,Sneakers,Grigio,94.9,94.9,0.0
Sneakers CONNOR Nero Verde,CONNOR,uomo,sneakers,Sneakers,Verde,94.9,94.9,0.0
Sneakers COLIN Nero Bianco,COLIN,uomo,sneakers,Sneakers,Bianco,84.9,89.9,6.0
Sneakers COLIN Bianco Blu,COLIN,uomo,sneakers,Sneakers,Blu,84.9,84.9,0.0
Sneakers COLIN Bianco Nero,COLIN,uomo,sneakers,Sneakers,Nero,84.9,84.9,0.0
Sneakers THOMAS Ocra,THOMAS,uomo,sneakers,Sneakers,Ocra,94.9,99.9,5.0
Sneakers THOMAS Blu Arancio Ghiaccio,THOMAS,uomo,sneakers,Sneakers,Ghiaccio,94.9,79.9,-19.0
Sneakers THOMAS Bianco Nero Rosso,THOMAS,uomo,sneakers,Sneakers,Rosso,94.9,94.9,0.0
Sneakers THOMAS Bianco Ghiaccio Blu,THOMAS,uomo,sneakers,Sneakers,Blu,94.9,99.9,5.0
Sneakers THOMAS Blu,THOMAS,uomo,sneakers,Sneakers,Blu,94.9,94.9,0.0
Sneakers Barca URONALD Marrone,Barca,uomo,sneakers,Sneakers,Marrone,94.9,79.9,-19.0
Sneakers Barca URONALD Blu,Barca,uomo,sneakers,Sneakers,Blu,94.9,99.9,5.0
Sneakers SEBASTIAN Blu,SEBASTIAN,uomo,sneakers,Sneakers,Blu,99.9,99.9,0.0
Sneakers SEBASTIAN Taupe,SEBASTIAN,uomo,sneakers,Sneakers,Taupe,99.9,99.9,0.0
Sneakers SEBASTIAN Ingrassato Nero,SEBASTIAN,uomo,sneakers,Sneakers,Nero,99.9,99.9,0.0
Sneakers SEBASTIAN Bordeaux Nero Blu,SEBASTIAN,uomo,sneakers,Sneakers,Blu,99.9,99.9,0.0
Sneakers LEE Nero,LEE,uomo,sneakers,Sneakers,Nero,79.9,79.9,0.0
Sneaker MAISON Nero,MAISON,uomo,sneakers,Sneaker,Nero,99.9,99.9,0.0
Sneaker MAISON Nero Bordeaux,MAISON,uomo,sneakers,Sneaker,Bordeaux,99.9,99.9,0.0
Sneakers CARL Bianco Nero,CARL,uomo,sneakers,Sneakers,Nero,79.9,79.9,0.0
Sneakers KEITH Celeste Bianco,KEITH,uomo,sneakers,Sneakers,Bianco,99.9,99.9,0.0
Sneakers KEITH Verde Giallo,KEITH,uomo,sneakers,Sneakers,Giallo,99.9,99.9,0.0
Sneakers EVANS Bianco Rosso,EVANS,uomo,sneakers,Sneakers,Rosso,89.9,89.9,0.0
Sneakers EVANS Bianco Blu,EVANS,uomo,sneakers,Sneakers,Blu,89.9,89.9,0.0
Sneakers SETH Nero,SETH,uomo,sneakers,Sneakers,Nero,79.9,79.9,0.0
Sneakers TIM Nero,TIM,uomo,sneakers,Sneakers,Nero,79.9,79.9,0.0
Stivaletto GABRIEL Nero,GABRIEL,uomo,stivaletti,Stivaletto,Nero,114.9,89.9,-28.0
Stivaletto GABRIEL Blu,GABRIEL,uomo,stivaletti,Stivaletto,Blu,114.9,109.9,-5.0
Stivaletto ASTON Nero,ASTON,uomo,stivaletti,Stivaletto,Nero,104.9,89.9,-17.0
Stivaletto ASTON Testa di Moro,ASTON,uomo,stivaletti,Stivaletto,Moro,104.9,104.9,0.0
Stivaletto Anfibio RUPERT Nero,Anfibio,uomo,stivaletti,Stivaletto,Nero,104.9,84.9,-24.0
Stivaletto Chelsea JUSTIN Nero,Chelsea,uomo,stivaletti,Stivaletto,Nero,114.9,89.9,-28.0
Stivaletto Chelsea JUSTIN Testa di Moro,Chelsea,uomo,stivaletti,Stivaletto,Moro,114.9,104.9,-10.0
Stivaletto NOAH Bordeaux Blu,NOAH,uomo,stivaletti,Stivaletto,Blu,129.9,84.9,-53.0
Stivaletto NOAH Suede Testa di Moro,NOAH,uomo,stivaletti,Stivaletto,Moro,129.9,89.9,-44.0
Stivaletto Chelsea JUSTIN Blu Marrone Bordeaux,Chelsea,uomo,stivaletti,Stivaletto,Bordeaux,114.9,104.9,-10.0
Scarponcino Anfibio BRAD Nero,Anfibio,uomo,stivaletti,Scarponcino,Nero,99.9,89.9,-11.0
Stivaletto Chelsea ELVIS Nero,Chelsea,uomo,stivaletti,Stivaletto,Nero,84.9,109.9,23.0
Stivaletto GERRY Suede Testa di Moro,GERRY,uomo,stivaletti,Stivaletto,Moro,104.9,104.9,0.0
Stivaletto GERRY Suede Verde,GERRY,uomo,stivaletti,Stivaletto,Verde,104.9,104.9,0.0
Stivaletto DYLAN Grigio,DYLAN,uomo,stivaletti,Stivaletto,Grigio,109.9,109.9,0.0
Stivaletto Chelsea RASS Nero,Chelsea,uomo,stivaletti,Stivaletto,Nero,119.9,89.9,-33.0
Stivaletto Chelsea RASS Cuoio,Chelsea,uomo,stivaletti,Stivaletto,Cuoio,119.9,84.9,-41.0
Stivaletto Chelsea ELVIS Abrasivato Bordeaux,Chelsea,uomo,stivaletti,Stivaletto,Bordeaux,84.9,84.9,0.0
Scarponcino DEXTER Marrone,DEXTER,uomo,stivaletti,Scarponcino,Marrone,89.9,89.9,0.0
Scarponcino M302 Nabuck Blu,M302,uomo,stivaletti,Scarponcino,Blu,89.9,89.9,0.0
Scarponcino M302 Grigio,M302,uomo,stivaletti,Scarponcino,Grigio,89.9,89.9,0.0
Scarponcino M302 Nabuck Giallo,M302,uomo,stivaletti,Scarponcino,Giallo,89.9,89.9,0.0
Scarponcino M302 Suede Verde,M302,uomo,stivaletti,Scarponcino,Verde,89.9,89.9,0.0
Stringata Derby GARY Abrasivato Blu,Derby,uomo,stringate,Stringata,Blu,124.0,124.0,0.0
Stringata Derby GARY Abrasivato Nero,Derby,uomo,stringate,Stringata,Nero,124.0,89.9,-38.0
Stringata Oxford GERARD Abrasivato Nero,Oxford,uomo,stringate,Stringata,Nero,104.9,89.9,-17.0
Stringata Oxford GERARD Abrasivato Blu,Oxford,uomo,stringate,Stringata,Blu,104.9,104.9,0.0
Stringata Oxford GERARD Abrasivato Bordeaux,Oxford,uomo,stringate,Stringata,Bordeaux,104.9,89.9,-17.0
Stringata Oxford JOSEPH Vernice Nero,Oxford,uomo,stringate,Stringata,Nero,114.9,89.9,-28.0
Stringata Oxford Goodyear Welted 1.010 Abrasivato Nero,Oxford,uomo,stringate,Stringata,Nero,179.9,179.9,0.0
Stringata Oxford Goodyear Welted 6.020 Abrasivato Nero,Oxford,uomo,stringate,Stringata,Nero,159.9,89.9,-78.0
Stringata Oxford Goodyear Welted 1.010 Abrasivato Bordeaux,Oxford,uomo,stringate,Stringata,Bordeaux,179.9,89.9,-100.0
Stringata Derby CHESTER Cuoio,Derby,uomo,stringate,Stringata,Cuoio,124.0,89.9,-38.0
Stringata Derby Brogue MEL Nero,Derby,uomo,stringate,Stringata,Nero,89.9,89.9,0.0
Stringata Oxford Brogue MANUEL Nabuck Blu,Oxford,uomo,stringate,Stringata,Blu,99.9,99.9,0.0
Stringata Oxford Brogue MANUEL Bordeaux Blu,Oxford,uomo,stringate,Stringata,Blu,99.9,89.9,-11.0
Stringata Oxford Brogue MANUEL Nabuck Tortora,Oxford,uomo,stringate,Stringata,Tortora,99.9,104.9,5.0
Stringata Oxford Brogue MANUEL Marrone Blu,Oxford,uomo,stringate,Stringata,Blu,99.9,89.9,-11.0
Stringata Oxford Brogue DAMIAN Beige Blu,Oxford,uomo,stringate,Stringata,Blu,104.9,104.9,0.0
Stringata Oxford Brogue HUGO Nabuk Beige,Oxford,uomo,stringate,Stringata,Beige,89.9,89.9,0.0
Mocassino Penny HUNTER Nero,Penny,uomo,mocassini-slipon,Mocassino,Nero,104.9,104.9,0.0
Mocassino Barca HOWARD Cuoio,Barca,uomo,mocassini-slipon,Mocassino,Cuoio,94.9,84.9,-12.0
Mocassino Penny FRANK Abrasivato Petrolio,Penny,uomo,mocassini-slipon,Mocassino,Petrolio,109.9,84.9,-29.0
Mocassino Penny FRANK Abrasivato Nero,Penny,uomo,mocassini-slipon,Mocassino,Nero,109.9,84.9,-29.0
Mocassino Penny FRANK Abrasivato Bordeaux,Penny,uomo,mocassini-slipon,Mocassino,Bordeaux,109.9,84.9,-29.0
Mocassino Penny FRANK Abrasivato Blu,Penny,uomo,mocassini-slipon,Mocassino,Blu,109.9,84.9,-29.0
Mocassino Penny LUKE Suede Ruggine,Penny,uomo,mocassini-slipon,Mocassino,Ruggine,104.9,84.9,-24.0
Mocassino Penny LUKE Suede Tortora,Penny,uomo,mocassini-slipon,Mocassino,Tortora,104.9,84.9,-24.0
Mocassino Doppia Fibbia BRYCE Ingrassato Blu,Doppia,uomo,mocassini-slipon,Mocassino,Blu,119.9,104.9,-14.0
Mocassino con Moschettone KEN Nero,con,uomo,mocassini-slipon,Mocassino,Nero,124.9,84.9,-47.0
Mocassino Doppia Fibbia BRYCE Ingrassato Testa di Moro,Doppia,uomo,mocassini-slipon,Mocassino,Moro,119.9,84.9,-41.0
Mocassino Tassel SMITH Nabuck Blu,Tassel,uomo,mocassini-slipon,Mocassino,Blu,114.9,84.9,-35.0
Mocassino Tassel SMITH Abrasivato Nero,Tassel,uomo,mocassini-slipon,Mocassino,Nero,114.9,104.9,-10.0
Mocassino DONALD Blu,DONALD,uomo,mocassini-slipon,Mocassino,Blu,104.9,104.9,0.0
Mocassino Barca HOWARD Testa di Moro,Barca,uomo,mocassini-slipon,Mocassino,Moro,94.9,84.9,-12.0
Mocassino Tassel SMITH Cuoio,Tassel,uomo,mocassini-slipon,Mocassino,Cuoio,114.9,84.9,-35.0
Mocassino DONALD Cuoio,DONALD,uomo,mocassini-slipon,Mocassino,Cuoio,104.9,104.9,0.0
Sneakers Mocassino FLYNN Camoscio Blu,Mocassino,uomo,mocassini-slipon,Sneakers,Blu,84.9,84.9,0.0
Sneakers Mocassino FLYNN Camoscio Tabacco,Mocassino,uomo,mocassini-slipon,Sneakers,Tabacco,84.9,84.9,0.0
Mocassino ETHAN Suede Verde,ETHAN,uomo,mocassini-slipon,Mocassino,Verde,69.9,84.9,18.0
Mocassino ETHAN Suede Giallo,ETHAN,uomo,mocassini-slipon,Mocassino,Giallo,69.9,84.9,18.0
Mocassino ETHAN Vitello Blu,ETHAN,uomo,mocassini-slipon,Mocassino,Blu,69.9,84.9,18.0
Sneakers Barca URONALD Blu,Barca,uomo,mocassini-slipon,Sneakers,Blu,94.9,99.9,5.0
Espadrilla Uomo CALI Suede Tabacco,Uomo,uomo,mocassini-slipon,Espadrilla,Tabacco,59.9,84.9,29.0
Espadrilla Uomo CALI Suede Arancio,Uomo,uomo,mocassini-slipon,Espadrilla,Arancio,59.9,84.9,29.0
Espadrilla Uomo CALI Suede Avio,Uomo,uomo,mocassini-slipon,Espadrilla,Avio,59.9,104.9,43.0
Espadrilla Uomo CALI Suede Sabbia,Uomo,uomo,mocassini-slipon,Espadrilla,Sabbia,59.9,84.9,29.0
Stivaletto Desert OSCAR Camoscio Verde,Desert,uomo,polacchine,Stivaletto,Verde,99.9,99.9,0.0
Stivaletto Desert OSCAR Camoscio Cuoio,Desert,uomo,polacchine,Stivaletto,Cuoio,99.9,99.9,0.0
Stivaletto Desert OSCAR Camoscio Blu,Desert,uomo,polacchine,Stivaletto,Blu,99.9,99.9,0.0
Stivaletto Desert NATHAN Camoscio Testa di Moro,Desert,uomo,polacchine,Stivaletto,Moro,69.9,69.9,0.0
Stivaletto Desert NATHAN Camoscio Blu,Desert,uomo,polacchine,Stivaletto,Blu,69.9,69.9,0.0
Stivaletto Desert NATHAN Camoscio Nero,Desert,uomo,polacchine,Stivaletto,Nero,69.9,69.9,0.0
Stivaletto Desert NATHAN Nabuck Beige,Desert,uomo,polacchine,Stivaletto,Beige,69.9,69.9,0.0
Stivaletto Desert NATHAN Nabuck Blu,Desert,uomo,polacchine,Stivaletto,Blu,69.9,69.9,0.0
Stringata Oxford Goodyear Welted 1.010 Abrasivato Nero,Oxford,uomo,goodyear-welted,Stringata,Nero,179.9,179.9,0.0
Stringata Oxford Goodyear Welted 6.020 Abrasivato Nero,Oxford,uomo,goodyear-welted,Stringata,Nero,159.9,89.9,-78.0
Stringata Oxford Goodyear Welted 1.010 Abrasivato Bordeaux,Oxford,uomo,goodyear-welted,Stringata,Bordeaux,179.9,89.9,-100.0
Mocassino Doppia Fibbia BRYCE Ingrassato Blu,Doppia,uomo,doppia-fibbia,Mocassino,Blu,119.9,104.9,-14.0
Mocassino Doppia Fibbia BRYCE Ingrassato Testa di Moro,Doppia,uomo,doppia-fibbia,Mocassino,Moro,119.9,84.9,-41.0
Doppia Fibbia AARON Cuoio,Fibbia,uomo,doppia-fibbia,Doppia,Cuoio,114.9,114.9,0.0
Doppia Fibbia AARON Abrasivato Nero,Fibbia,uomo,doppia-fibbia,Doppia,Nero,114.9,114.9,0.0
Sandalo Ciabatta U106 Bianco,Ciabatta,uomo,sandali,Sandalo,Bianco,59.9,59.9,0.0
Sandalo Ciabatta U104 Nabuck Cuoio,Ciabatta,uomo,sandali,Sandalo,Cuoio,59.9,59.9,0.0
Sandalo Ciabatta U104 Nabuck Nero,Ciabatta,uomo,sandali,Sandalo,Nero,59.9,59.9,0.0
Sandalo Ciabatta U117 Grigio,Ciabatta,uomo,sandali,Sandalo,Grigio,59.9,59.9,0.0
Sandalo Infradito U102 Castagno,Infradito,uomo,sandali,Sandalo,Castagno,59.9,59.9,0.0
